"Time","Scenario","Model","PromptVersion","ExpectedService","PredictedService","Category","Confidence","ServiceCorrect","Correct","ToolCalls","Seconds"
"2026-10-06 08:33","S1","qwen3:8b","v1","payment-service","payment-service","DEPENDENCY_FAILURE","0.95","True","False","7","319"
"2026-10-06 11:06","S2","qwen3:8b","v1","payment-service","payment-service","DEPENDENCY_FAILURE","0.95","True","True","9","728"
"2026-10-06 11:29","S3","qwen3:8b","v1","payment-service","order-service","RESOURCE_EXHAUSTION","0.7","False","False","5","237"
"2026-10-06 11:41","S4","qwen3:8b","v1","order-service","order-service","APPLICATION_ERROR","0.9","True","True","7","272"
"2026-10-06 11:53","S5","qwen3:8b","v1","payment-service","payment-service","DEPENDENCY_FAILURE","0.85","True","True","7","249"
"2026-10-06 12:03","S6","qwen3:8b","v1","payment-service","payment-service","RESOURCE_EXHAUSTION","0.9","True","True","6","187"
"2026-10-06 12:15","S7","qwen3:8b","v1","payment-service","order-service","APPLICATION_ERROR","0.9","False","False","5","249"
"2026-10-06 12:26","S8","qwen3:8b","v1","unknown","unknown","UNKNOWN","0.3","True","True","5","216"
"2026-10-06 13:01","S3","qwen3:8b","v2","payment-service","payment-service","DEPENDENCY_FAILURE","0.6","True","False","4","173"
"2026-10-06 13:06","S7","qwen3:8b","v2","payment-service","payment-service","DEPENDENCY_FAILURE","0.85","True","True","8","215"
"2026-10-06 13:11","S1","qwen3:8b","v2","payment-service","payment-service","DEPENDENCY_FAILURE","0.95","True","False","8","228"
"2026-10-06 17:47","S1","qwen3:8b","v3-fast","payment-service","payment-service","DEPENDENCY_FAILURE","0.85","True","False","6","76"
"2026-10-06 17:55","S1","qwen3:8b","v3-guard","payment-service","order-service","APPLICATION_ERROR","0.8","False","False","6","113"
"2026-10-06 18:01","S3","qwen3:8b","v3-guard","payment-service","payment-service","SLOW_DEPENDENCY","0.8","True","True","8","63"
"2026-10-06 18:03","S7","qwen3:8b","v3-guard","payment-service","payment-service","APPLICATION_ERROR","0.9","True","True","6","87"
"2026-10-06 18:06","S2","qwen3:8b","v3-guard","payment-service","payment-service","APPLICATION_ERROR","0.85","True","True","6","76"
"2026-10-06 18:09","S4","qwen3:8b","v3-guard","order-service","order-service","APPLICATION_ERROR","0.8","True","True","6","87"
"2026-10-06 18:13","S5","qwen3:8b","v3-guard","payment-service","order-service","DEPENDENCY_FAILURE","0.95","False","False","6","86"
"2026-10-06 18:15","S6","qwen3:8b","v3-guard","payment-service","payment-service","RESOURCE_EXHAUSTION","0.8","True","True","5","65"
"2026-10-06 18:18","S8","qwen3:8b","v3-guard","unknown","order-service","UNKNOWN","0.3","False","True","7","66"
"2026-10-06 18:33","S2","qwen3:8b","v3-guard","payment-service","payment-service","APPLICATION_ERROR","0.85","True","True","6","113"
"2026-10-06 18:35","S4","qwen3:8b","v3-guard","order-service","order-service","APPLICATION_ERROR","0.8","True","True","6","74"
"2026-10-06 18:39","S5","qwen3:8b","v3-guard","payment-service","order-service","DEPENDENCY_FAILURE","0.95","False","False","6","79"
"2026-10-06 18:41","S6","qwen3:8b","v3-guard","payment-service","payment-service","RESOURCE_EXHAUSTION","0.8","True","True","5","55"
"2026-10-06 18:43","S8","qwen3:8b","v3-guard","unknown","order-service","APPLICATION_ERROR","0.6","False","False","7","61"
"2026-10-06 19:30","S5","qwen3:8b","v3-guard","payment-service","order-service","DEPENDENCY_FAILURE","0.95","False","False","7","117"
"2026-10-06 19:39","S5","qwen3:8b","v3-guard","payment-service","payment-service","DEPENDENCY_FAILURE","0.95","True","True","7","114"
"2026-10-06 19:42","S8","qwen3:8b","v3-guard","unknown","unknown","UNKNOWN","0.3","True","True","7","71"
"2026-10-06 19:51","S8","qwen3:8b","v3-guard","unknown","order-service","UNKNOWN","0.3","False","True","8","94"
"2026-10-06 20:00","S8","qwen3:8b","v3-guard","unknown","unknown","UNKNOWN","0.3","True","True","8","77"
"2026-10-06 21:33","S8","qwen3:8b","v3-guard","unknown","unknown","UNKNOWN","0.3","True","True","8","67"
"2026-10-06 21:40","S8","qwen3:8b","v3-guard","unknown","unknown","UNKNOWN","0.3","True","True","8","64"
"2026-10-06 21:53","S8","qwen3:8b","v3-guard","unknown","unknown","UNKNOWN","0.2","True","True","8","58"
"2026-10-06 22:25","S2","qwen3:8b","v3-guard","payment-service","payment-service","APPLICATION_ERROR","0.9","True","True","6","69"
"2026-10-06 22:27","S4","qwen3:8b","v3-guard","order-service","order-service","APPLICATION_ERROR","0.9","True","True","6","45"
"2026-10-06 22:30","S5","qwen3:8b","v3-guard","payment-service","payment-service","APPLICATION_ERROR","0.9","True","False","6","44"
"2026-10-06 22:32","S6","qwen3:8b","v3-guard","payment-service","unknown","UNKNOWN","0.3","False","False","5","38"
"2026-10-06 22:34","S8","qwen3:8b","v3-guard","unknown","unknown","UNKNOWN","0.3","True","True","7","39"
"2026-10-06 22:41","S6","qwen3:8b","v3-guard","payment-service","unknown","UNKNOWN","0.3","False","False","5","57"
"2026-10-06 22:45","S6","qwen3:8b","v3-guard","payment-service","unknown","UNKNOWN","0.3","False","False","5","40"
"2026-10-06 22:54","S6","qwen3:8b","v3-guard","payment-service","payment-service","RESOURCE_EXHAUSTION","0.9","True","True","5","61"
"2026-10-06 22:59","S8","qwen3:8b","v3-guard","unknown","unknown","UNKNOWN","0.2","True","True","8","38"
"2026-10-06 23:02","S1","qwen3:8b","v3-guard","payment-service","payment-service","BAD_DEPLOY","0.9","True","True","6","48"
"2026-10-06 23:05","S2","qwen3:8b","v3-guard","payment-service","payment-service","APPLICATION_ERROR","0.9","True","True","6","57"
"2026-10-06 23:12","S3","qwen3:8b","v3-guard","payment-service","payment-service","SLOW_DEPENDENCY","0.8","True","True","8","46"
"2026-10-06 23:14","S4","qwen3:8b","v3-guard","order-service","order-service","APPLICATION_ERROR","0.95","True","True","7","45"
"2026-10-06 23:18","S7","qwen3:8b","v3-guard","payment-service","payment-service","APPLICATION_ERROR","0.9","True","True","6","50"
"2026-10-07 07:10","S6","qwen3:8b","v3-s6fix","payment-service","payment-service","RESOURCE_EXHAUSTION","0.9","True","True","5","61"
"2026-10-07 07:12","S6","qwen3:8b","v3-s6fix","payment-service","payment-service","RESOURCE_EXHAUSTION","0.9","True","True","5","41"
"2026-10-07 07:14","S6","qwen3:8b","v3-s6fix","payment-service","payment-service","RESOURCE_EXHAUSTION","0.8","True","True","5","38"
"2026-10-07 14:47","S8","qwen3:8b","v3-metricfix","unknown","unknown","UNKNOWN","0.2","True","True","6","84"
"2026-10-07 14:48","S8","qwen3:8b","v3-metricfix","unknown","order-service","APPLICATION_ERROR","0.9","False","False","6","34"
"2026-10-07 14:51","S8","qwen3:8b","v3-metricfix","unknown","order-service","APPLICATION_ERROR","0.9","False","False","6","51"
"2026-10-07 15:04","S1","qwen3:8b","v3-confirm","payment-service","payment-service","BAD_DEPLOY","0.9","True","True","6","93"
"2026-10-07 15:06","S2","qwen3:8b","v3-confirm","payment-service","payment-service","APPLICATION_ERROR","0.9","True","True","6","53"
"2026-10-07 15:40","S3","qwen3:8b","v3-confirm","payment-service","payment-service","SLOW_DEPENDENCY","0.8","True","True","8","62"
"2026-10-07 15:42","S4","qwen3:8b","v3-confirm","order-service","order-service","APPLICATION_ERROR","0.95","True","True","6","43"
"2026-10-07 15:45","S5","qwen3:8b","v3-confirm","payment-service","payment-service","APPLICATION_ERROR","0.9","True","False","6","41"
"2026-10-07 15:47","S6","qwen3:8b","v3-confirm","payment-service","payment-service","RESOURCE_EXHAUSTION","0.9","True","True","5","39"
"2026-10-07 15:49","S7","qwen3:8b","v3-confirm","payment-service","payment-service","APPLICATION_ERROR","0.9","True","True","6","47"
"2026-10-07 15:50","S8","qwen3:8b","v3-confirm","unknown","unknown","UNKNOWN","0.2","True","True","0","0"
"2026-10-07 16:03","S1","qwen3:8b","v3-confirm","payment-service","payment-service","BAD_DEPLOY","0.9","True","True","6","79"
"2026-10-07 16:05","S2","qwen3:8b","v3-confirm","payment-service","payment-service","APPLICATION_ERROR","0.9","True","True","6","52"
"2026-10-07 16:10","S3","qwen3:8b","v3-confirm","payment-service","payment-service","SLOW_DEPENDENCY","0.8","True","True","8","45"
"2026-10-07 16:12","S4","qwen3:8b","v3-confirm","order-service","order-service","APPLICATION_ERROR","0.95","True","True","6","46"
"2026-10-07 16:15","S5","qwen3:8b","v3-confirm","payment-service","payment-service","APPLICATION_ERROR","0.9","True","False","6","43"
"2026-10-07 16:17","S6","qwen3:8b","v3-confirm","payment-service","payment-service","RESOURCE_EXHAUSTION","0.9","True","True","5","39"
"2026-10-07 16:19","S7","qwen3:8b","v3-confirm","payment-service","payment-service","APPLICATION_ERROR","0.9","True","True","6","47"
"2026-10-07 16:20","S8","qwen3:8b","v3-confirm","unknown","unknown","UNKNOWN","0.2","True","True","0","0"
"2026-10-07 16:29","S5","qwen3:8b","v3-confirm","payment-service","payment-service","APPLICATION_ERROR","0.95","True","False","6","64"
"2026-10-07 16:33","S5","qwen3:8b","v3-confirm","payment-service","payment-service","APPLICATION_ERROR","0.9","True","False","6","44"
"2026-10-07 21:29","S5","qwen3:8b","v3-down","payment-service","payment-service","SERVICE_DOWN","0.9","True","True","0","0"
"2026-10-07 21:31","S5","qwen3:8b","v3-down","payment-service","payment-service","SERVICE_DOWN","0.9","True","True","0","0"
"2026-10-07 21:33","S5","qwen3:8b","v3-down","payment-service","payment-service","SERVICE_DOWN","0.9","True","True","0","0"
"2026-10-07 21:36","S2","qwen3:8b","v3-down","payment-service","payment-service","APPLICATION_ERROR","0.9","True","True","8","84"
"2026-10-07 21:42","S1","qwen3:8b","v3-down","payment-service","payment-service","BAD_DEPLOY","0.8","True","True","8","64"
"2026-10-07 21:44","S2","qwen3:8b","v3-down","payment-service","payment-service","APPLICATION_ERROR","0.9","True","True","8","53"
"2026-10-07 21:54","S3","qwen3:8b","v3-down","payment-service","payment-service","SLOW_DEPENDENCY","0.8","True","True","10","73"
"2026-10-07 21:57","S4","qwen3:8b","v3-down","order-service","order-service","APPLICATION_ERROR","0.95","True","True","8","53"
"2026-10-07 22:01","S5","qwen3:8b","v3-down","payment-service","payment-service","SERVICE_DOWN","0.9","True","True","0","0"
"2026-10-07 22:04","S6","qwen3:8b","v3-down","payment-service","payment-service","RESOURCE_EXHAUSTION","0.9","True","True","6","69"
"2026-10-07 22:06","S7","qwen3:8b","v3-down","payment-service","payment-service","APPLICATION_ERROR","0.9","True","True","8","55"
"2026-10-07 22:08","S8","qwen3:8b","v3-down","unknown","unknown","UNKNOWN","0.2","True","True","0","0"
